{
    "id": "bc_mods", 
    "name": "Sapphire", 
    "author": ["Zebra", "As9ect", "and", "GabGab"], 
    "description": "Adds the 'Blue Crystal' joker to the game.", 
    "prefix": "bc", 
    "main_file": "main.lua", 
    "priority": 0, 
    "badge_colour": "812b99", 
    "badge_text_colour": "FFFFFF", 
    "display_name": "Sapphire", 
    "version": "1.0.0", 
    "dependencies": [
        "Steamodded (>=1.0.0~BETA-0312b)", 
        "Lovely (>=0.6)", 
        "Balatro (>=1.0.1m)"
    ], 
    "conflicts": [], 
    "provides": [], 
    "dump_loc": false 
}
